{
  "unit_of_measurement": "metres",
  "cameras": [
    {
      "cam_id": 0,
      "extrinsics": {
        "rotation_matrix": [
          0.8468580246, 0.038615550845861435, 0.5321399522,
          0.4565265379, 0.16757109761238098, -0.8737069225,
          -0.2697899043, -0.9851034283638, 0.1028077415
        ],
        "cam_id": 0,
        "translation_matrix": [0.02207835577428341, 0.6900973320007324, 2.5667260885238647]
      },
      "reprojection_error": 0.9984123277271764,
      "success": true
    },
    {
      "cam_id": 1,
      "extrinsics": {
        "rotation_matrix": [
          0.11868901550769806, 0.31959444284439087, 0.9400916695594788,
          -0.9824923872947693, 0.1747288554906845, 0.06464122980833054,
          -0.1436021625995636, -0.9313051104545593, 0.33473750948905945
        ],
        "cam_id": 1,
        "translation_matrix": [-2.1000235080718994, 0.3200768232345581, 1.7464054822921753]
      },
      "reprojection_error": 3.3515733788646065,
      "success": true
    },
    {
      "cam_id": 2,
      "extrinsics": {
        "rotation_matrix": [
          0.12490594387054443, 0.2566169500350952, -0.9584081768989563,
          0.9921021461486816, -0.04348123446106911, 0.11765491217374802,
          -0.011480526998639107, -0.9655346274375916, -0.26002126932144165
        ],
        "cam_id": 2,
        "translation_matrix": [2.2175896167755127, -0.6530099511146545, 2.750388264656067]
      },
      "reprojection_error": 1.081717928278125,
      "success": true
    }
  ],
  "frames_used": 20,
  "mean_reprojection_error": 1.8105678782899692,
  "success": true,
  "_isMock": true
}

